,statename,distname,min_tropospheric_NO2_column_number_density,mean_tropospheric_NO2_column_number_density,max_tropospheric_NO2_column_number_density
0,Uttarakhand,Nainital,1.6851862e+18,1.0012285e+19,2.138551e+19
1,Uttarakhand,Dehradun,2.1089404e+18,1.0488013e+19,2.7900514e+19
2,Uttarakhand,Almora,1.634617e+18,7.5895654e+18,1.386915e+19
3,Uttarakhand,Champawat,1.3532667e+18,8.260874e+18,1.8205153e+19
4,Uttarakhand,Uttarkashi,-3.98099e+17,4.0141924e+18,1.4828332e+19
5,Uttarakhand,Garhwal,1.2303042e+18,7.991946e+18,2.0979203e+19
6,Uttarakhand,Hardwar,3.6464212e+18,1.7732784e+19,4.2811913e+19
7,Uttarakhand,Rudraprayag,-7.5805204e+17,5.44253e+18,1.2466511e+19
8,Uttarakhand,Tehri Garhwal,-6.395199e+17,6.966883e+18,2.0736721e+19
9,Uttarakhand,Bageshwar,8.3611716e+17,5.6674393e+18,1.1415842e+19
10,Uttarakhand,Pithoragarh,1.2420071e+18,4.2880376e+18,1.2092609e+19
11,Uttarakhand,Chamoli,4.836014e+17,4.111284e+18,1.3683151e+19
12,Uttarakhand,Udham Singh Nagar,5.661127e+18,1.6436442e+19,3.2029392e+19
13,Himachal Pradesh,Chamba,-2.5251458e+18,1.2793031e+18,1.0594794e+19
14,Himachal Pradesh,Shimla,-9.680081e+17,5.505788e+18,1.7439699e+19
15,Himachal Pradesh,Bilaspur,9.7060695e+17,2.625678e+19,1.5497513e+20
16,Himachal Pradesh,Kangra,-1.9292802e+18,6.1917337e+18,2.6207113e+19
17,Himachal Pradesh,Lahul & Spiti,-1.8987923e+18,1.893796e+17,3.9234624e+18
18,Himachal Pradesh,Una,5.541882e+18,1.4097635e+19,3.7341645e+19
19,Himachal Pradesh,Solan,2.2255421e+18,1.9991483e+19,4.0265325e+19
20,Himachal Pradesh,Sirmaur,6.965046e+17,1.0738441e+19,4.0155295e+19
21,Himachal Pradesh,Kinnaur,-5.3444676e+17,2.2055821e+18,8.659044e+18
22,Himachal Pradesh,Mandi,-1.2756457e+16,1.0146642e+19,5.9327686e+19
23,Himachal Pradesh,Kullu,-1.4545141e+18,2.5920495e+18,1.2441452e+19
24,Himachal Pradesh,Hamirpur,3.691752e+18,1.5928452e+19,3.0746567e+19
25,Jammu & Kashmir,DATA NOT AVAILABLE,-9.619493e+18,1.870692e+16,2.145397e+19
26,Jammu & Kashmir,Anantnag,-2.2546801e+18,2.3453218e+18,1.5322752e+19
27,Jammu & Kashmir,Baramula,-3.683538e+18,4.6847486e+18,1.342888e+19
28,Jammu & Kashmir,Kulgam,-2.667811e+17,4.7077696e+18,1.3323449e+19
29,Jammu & Kashmir,Shupiyan,1.2605464e+18,6.106786e+18,1.1315734e+19
30,Jammu & Kashmir,Reasi,-4.8650454e+18,2.8260264e+18,1.2208564e+19
31,Jammu & Kashmir,Rajouri,-2.9568174e+18,4.6150225e+18,1.3925956e+19
32,Jammu & Kashmir,Jammu,-1.2848158e+18,8.590012e+18,2.4544103e+19
33,Ladakh,Leh(Ladakh),-4.6885914e+18,-3.049605e+17,6.208123e+18
34,Jammu & Kashmir,Srinagar,8.723222e+17,7.0662435e+18,1.676705e+19
35,Jammu & Kashmir,Punch,-1.3517144e+18,3.5413758e+18,1.4318819e+19
36,Jammu & Kashmir,Kupwara,-8.9058754e+18,1.4587302e+18,6.6489057e+18
37,Jammu & Kashmir,Samba,-5.4525876e+18,7.9300583e+18,1.9965532e+19
38,Jammu & Kashmir,Bandipore,-4.5008962e+18,8.146428e+17,1.1992989e+19
39,Jammu & Kashmir,Kathua,-4.3693256e+18,3.7344566e+18,1.3430792e+19
40,Ladakh,Kargil,-3.47036e+18,-8.834954e+17,2.356961e+18
41,Jammu & Kashmir,Kishtwar,-4.5547156e+18,-4.5052458e+17,6.9404835e+18
42,Gujarat,Sabar Kantha,8.9166913e+18,1.595869e+19,3.1762413e+19
43,Gujarat,Banas Kantha,7.017402e+18,1.6090753e+19,3.741515e+19
44,Gujarat,Surendranagar,1.0779094e+19,2.0565417e+19,6.7065006e+19
45,Gujarat,Anand,2.0962675e+19,3.1433144e+19,7.876336e+19
46,Gujarat,Narmada,7.69851e+18,1.4634514e+19,2.5540892e+19
47,Gujarat,Amreli,8.658803e+18,1.5831356e+19,3.0849084e+19
48,Gujarat,Dohad,9.709917e+18,1.3216146e+19,1.7887388e+19
49,Jammu & Kashmir,Doda,-7.934805e+18,5.4243836e+17,4.8087817e+18
50,Jammu & Kashmir,Pulwama,-4.8658083e+17,5.451935e+18,1.2134678e+19
51,Gujarat,Vadodara,1.0760675e+19,2.8220807e+19,1.1678273e+20
52,Gujarat,Aravali,8.8255704e+18,1.5210816e+19,2.1976827e+19
53,Jammu & Kashmir,Ramban,-8.3185674e+18,1.536996e+18,5.5105104e+18
54,Jammu & Kashmir,Ganderbal,-3.9620305e+18,8.315806e+17,1.6528665e+19
55,Jammu & Kashmir,Udhampur,-2.957614e+18,2.6374455e+18,1.0301127e+19
56,Jammu & Kashmir,Badgam,-3.8010188e+18,5.925685e+18,2.1196482e+19
57,Daman & Diu,Daman,1.3967761e+19,2.1268535e+19,2.6322377e+19
58,Daman & Diu,Diu,,,
59,Gujarat,Bhavnagar,1.0856617e+19,1.9157449e+19,3.1710067e+19
60,Gujarat,Ahmadabad,1.1746119e+19,3.0919056e+19,1.4355252e+20
61,Gujarat,Chhota Udaipur,9.264516e+18,1.569181e+19,2.6519926e+19
62,Gujarat,Batod,1.0233698e+19,1.7063147e+19,2.642865e+19
63,Gujarat,Rajkot,9.547475e+18,2.141819e+19,6.5946997e+19
64,Gujarat,Kachchh,2.2957147e+18,1.1180252e+19,7.0990456e+19
65,Gujarat,The Dangs,5.531569e+18,1.1839427e+19,1.8339851e+19
66,Gujarat,Mahesana,9.002604e+18,2.0185492e+19,4.4025915e+19
67,Gujarat,Patan,7.706316e+18,1.6115887e+19,2.3675447e+19
68,Gujarat,Bharuch,1.1141646e+19,2.5343015e+19,5.8392446e+19
69,Gujarat,Gir Somnath,5.131498e+18,1.5607328e+19,3.0934096e+19
70,Gujarat,Junagadh,6.1777375e+18,1.452126e+19,2.471615e+19
71,Gujarat,Devbhumi Dwarka,8.198663e+18,3.5855494e+19,1.4474681e+20
72,Gujarat,Navsari,9.449372e+18,2.8034543e+19,7.0911195e+19
73,Gujarat,Surat,4.696223e+18,3.4219146e+19,8.949928e+19
74,Gujarat,Jamnagar,7.874371e+18,2.7105878e+19,1.2597306e+20
75,Gujarat,Tapi,7.005326e+18,1.9796744e+19,4.934277e+19
76,Gujarat,Kheda,1.2627718e+19,2.864971e+19,7.5054704e+19
77,Madhya Pradesh,Betul,2.9456884e+18,1.0563821e+19,6.638707e+19
78,Madhya Pradesh,Hoshangabad,2.9294396e+18,8.255982e+18,1.8257431e+19
79,Madhya Pradesh,Sehore,3.2197428e+18,8.8535667e+18,1.6688551e+19
80,Madhya Pradesh,Jabalpur,3.2070302e+18,9.036257e+18,1.8899532e+19
81,Madhya Pradesh,Narsimhapur,4.2803182e+18,9.642761e+18,2.5734435e+19
82,Madhya Pradesh,Panna,2.4046701e+18,9.512575e+18,3.196724e+19
83,Madhya Pradesh,Ujjain,3.5082596e+18,1.0585277e+19,2.0552529e+19
84,Madhya Pradesh,Rewa,7.002193e+18,2.5118895e+19,1.1323746e+20
85,Madhya Pradesh,Dindori,1.1055604e+18,1.1246268e+19,7.946503e+19
86,Madhya Pradesh,Balaghat,-8.952658e+16,9.0390697e+18,3.4407325e+19
87,Madhya Pradesh,Barwani,6.80959e+18,1.2610584e+19,2.9896838e+19
88,Gujarat,Porbandar,9.470548e+18,1.6319951e+19,6.0856887e+19
89,Gujarat,Valsad,8.8541263e+18,2.1386625e+19,5.163514e+19
90,Gujarat,Gandhinagar,1.4118919e+19,2.6223994e+19,5.311251e+19
91,Gujarat,Mahisagar,9.871307e+18,1.5790862e+19,3.2280905e+19
92,Gujarat,Morbi,9.124342e+18,2.685925e+19,8.070207e+19
93,Gujarat,Panch Mahals,1.1713384e+19,2.2063227e+19,1.0544788e+20
94,Dadra & Nagar Haveli,Dadra & Nagar Haveli,1.3190426e+19,2.4039746e+19,4.0280745e+19
95,Madhya Pradesh,Ashoknagar,3.6009009e+18,1.0886748e+19,2.0782237e+19
96,Madhya Pradesh,Raisen,-5.2927324e+16,8.403517e+18,1.6906205e+19
97,Madhya Pradesh,Chhindwara,1.4993438e+18,8.995616e+18,3.0194087e+19
98,Bihar,Patna,9.717409e+18,1.7652997e+19,3.2602875e+19
99,Madhya Pradesh,Satna,2.8918123e+18,2.056583e+19,9.297643e+19
100,Madhya Pradesh,Chhatarpur,3.7263216e+18,1.0288163e+19,2.5443867e+19
101,Madhya Pradesh,Indore,4.417121e+18,1.249148e+19,3.034069e+19
102,Madhya Pradesh,Ratlam,5.52763e+18,1.1673185e+19,2.0015952e+19
103,Madhya Pradesh,Harda,3.377971e+18,8.4631323e+18,1.956804e+19
104,Madhya Pradesh,Sagar,2.545769e+18,8.959986e+18,2.5056537e+19
105,Madhya Pradesh,Neemuch,4.967021e+18,1.2009687e+19,3.0492065e+19
106,Madhya Pradesh,Tikamgarh,5.429743e+18,1.1637375e+19,5.353474e+19
107,Madhya Pradesh,Guna,4.725219e+18,1.5894376e+19,9.141174e+19
108,Madhya Pradesh,Dewas,2.4412022e+18,8.972376e+18,1.6069162e+19
109,Madhya Pradesh,Mandsaur,6.012615e+18,1.3031628e+19,2.5212222e+19
110,Madhya Pradesh,Khargone (West Nimar),5.229791e+18,1.3175674e+19,4.0443006e+19
111,Madhya Pradesh,Sheopur,5.4686784e+18,1.1464356e+19,1.8920306e+19
112,Madhya Pradesh,Morena,6.8436996e+18,1.4171111e+19,2.387226e+19
113,Madhya Pradesh,Bhind,7.357589e+18,1.577729e+19,2.5944232e+19
114,Madhya Pradesh,Jhabua,6.756643e+18,1.1124438e+19,1.5830145e+19
115,Madhya Pradesh,Seoni,3.4139432e+18,9.587064e+18,2.8928692e+19
116,Madhya Pradesh,Khandwa (East Nimar),5.344314e+18,1.2784193e+19,7.071172e+19
117,Madhya Pradesh,Umaria,2.9451898e+18,1.39844e+19,1.0216237e+20
118,Madhya Pradesh,Gwalior,7.3796587e+18,1.6625627e+19,3.3462957e+19
119,Madhya Pradesh,Damoh,2.6120004e+18,9.464685e+18,3.646155e+19
120,Madhya Pradesh,Dhar,5.5921403e+18,1.2525243e+19,2.0454714e+19
121,Madhya Pradesh,Katni,3.179559e+18,1.166092e+19,5.7031083e+19
122,Madhya Pradesh,Sidhi,3.6144177e+18,1.7649972e+19,5.3672146e+19
123,Madhya Pradesh,Alirajpur,8.4860764e+18,1.3167129e+19,1.8603466e+19
124,Madhya Pradesh,Singrauli,7.4154753e+18,3.8319405e+19,3.387035e+20
125,Madhya Pradesh,Bhopal,3.2569137e+18,9.391704e+18,2.054028e+19
126,Madhya Pradesh,Rajgarh,4.4671508e+18,9.609905e+18,2.676903e+19
127,Madhya Pradesh,Mandla,2.5526916e+18,8.835136e+18,3.1803869e+19
128,Madhya Pradesh,Shajapur,3.5483376e+18,9.342831e+18,1.5379761e+19
129,Madhya Pradesh,Shivpuri,3.4730837e+18,1.0893354e+19,2.4385e+19
130,Madhya Pradesh,Datia,1.2366607e+19,1.89495e+19,2.7050328e+19
131,Madhya Pradesh,Shahdol,3.484992e+18,1.4027037e+19,5.4665255e+19
132,Madhya Pradesh,Vidisha,3.6754986e+18,8.9345336e+18,1.6990941e+19
133,Andhra Pradesh,Prakasam,4.932761e+18,1.3561514e+19,4.863599e+19
134,Andhra Pradesh,Krishna,5.041527e+18,1.6083559e+19,6.305431e+19
135,Madhya Pradesh,Burhanpur,4.772056e+18,9.637437e+18,1.5204833e+19
136,Madhya Pradesh,Anuppur,3.049226e+18,1.7061299e+19,7.005094e+19
137,Andhra Pradesh,East Godavari,2.9938495e+18,1.0134003e+19,1.989089e+19
138,Andhra Pradesh,Visakhapatnam,1.04025104e+18,1.405047e+19,1.6015866e+20
139,Andhra Pradesh,Sri Potti Sriramulu Nellore,4.3241852e+18,1.504005e+19,6.031081e+19
140,Andhra Pradesh,Chittoor,3.6018855e+18,1.1721688e+19,2.3654596e+19
141,Andhra Pradesh,Srikakulam,7.7306377e+18,1.3481619e+19,2.450167e+19
142,Andhra Pradesh,Kurnool,4.6318186e+18,1.4749226e+19,5.541165e+19
143,Andhra Pradesh,Guntur,5.285267e+18,1.3269601e+19,3.0511632e+19
144,Andhra Pradesh,Vizianagaram,6.243618e+18,1.3306782e+19,3.3946087e+19
145,Andhra Pradesh,Anantapur,4.5978555e+18,1.6384806e+19,9.49852e+19
146,Andhra Pradesh,West Godavari,4.7913094e+18,1.0643647e+19,2.1250037e+19
147,Andhra Pradesh,Kadapa(YSR),5.106405e+18,1.6655493e+19,8.155117e+19
148,Kerala,Kannur,6.1693625e+18,1.0456163e+19,1.649905e+19
149,Kerala,Pathanamthitta,3.0278654e+18,1.1281339e+19,1.923777e+19
150,Kerala,Alappuzha,1.01203e+19,1.4511901e+19,2.1160007e+19
151,Kerala,Ernakulam,6.2201957e+18,1.796967e+19,4.1503116e+19
152,Kerala,Kollam,2.2470413e+18,1.1410334e+19,2.1221738e+19
153,Kerala,Kasaragod,5.4962134e+18,9.819429e+18,1.753982e+19
154,Kerala,Idukki,3.4602695e+18,1.0763643e+19,2.0647326e+19
155,Kerala,Kozhikode,5.8550275e+18,1.1238692e+19,1.942564e+19
156,Kerala,Kottayam,7.6856226e+18,1.4558561e+19,2.030375e+19
157,Kerala,Thrissur,8.194595e+18,1.4767034e+19,2.0956087e+19
158,Kerala,Palakkad,-5.583574e+17,1.4937261e+19,2.692186e+19
159,Kerala,Thiruvananthapuram,3.0181822e+18,1.3674216e+19,2.2180325e+19
160,Kerala,Malappuram,4.2787852e+18,1.3065389e+19,2.0581538e+19
161,Kerala,Wayanad,5.527003e+18,9.090686e+18,1.201764e+19
162,Lakshadweep,Lakshadweep,2.6928178e+18,3.745154e+18,5.0723885e+18
163,Sikkim,North District,1.6676737e+18,5.8897886e+18,1.2755297e+19
164,Sikkim,East District,4.6842494e+18,8.494e+18,1.6432309e+19
165,West Bengal,Nadia,8.0014144e+18,2.2028865e+19,4.5927186e+19
166,West Bengal,Dakshin Dinajpur,7.926474e+18,1.9426506e+19,7.047262e+19
167,Sikkim,South District,4.2520426e+18,9.976728e+18,1.85605e+19
168,Sikkim,West District,3.2257967e+18,8.2846156e+18,1.5402597e+19
169,West Bengal,Murshidabad,1.0099803e+19,3.1891847e+19,9.848063e+19
170,West Bengal,Barddhaman,1.3215272e+19,3.255339e+19,1.1278539e+20
171,West Bengal,Bankura,1.3905127e+19,4.1409015e+19,1.3975094e+20
172,West Bengal,Puruliya,9.228483e+18,2.5451596e+19,7.3057692e+19
173,West Bengal,Koch Bihar,8.7806586e+18,1.8575312e+19,3.8066773e+19
174,West Bengal,Paschim Medinipur,1.0450827e+19,3.0967332e+19,9.399959e+19
175,West Bengal,Hugli,1.4388498e+19,2.8770699e+19,8.978426e+19
176,West Bengal,Kolkata,3.079207e+19,7.9038816e+19,1.5408364e+20
177,West Bengal,Maldah,9.197888e+18,2.7198045e+19,8.639352e+19
178,West Bengal,South Twenty Four Parganas,5.6593793e+18,2.648476e+19,2.3812823e+20
179,West Bengal,Darjiling,5.3019913e+18,1.3468438e+19,2.6771006e+19
180,West Bengal,Jalpaiguri,7.7965226e+18,1.504425e+19,4.5473136e+19
181,West Bengal,Uttar Dinajpur,8.5605496e+18,2.0677167e+19,4.162807e+19
182,West Bengal,Purba Medinipur,1.1326595e+19,2.3171418e+19,4.187757e+19
183,West Bengal,Haora,2.1976302e+19,3.666548e+19,1.04069655e+20
184,West Bengal,North Twenty Four Parganas,1.7643344e+19,3.8446236e+19,1.552609e+20
185,West Bengal,Birbhum,1.5967062e+19,3.2762166e+19,8.243786e+19
186,Jharkhand,Jamtara,1.2264107e+19,2.8940635e+19,9.315257e+19
187,Jharkhand,Saraikela-Kharsawan,9.694148e+18,1.9486605e+19,6.037334e+19
188,Jharkhand,Simdega,5.66483e+18,1.3108518e+19,4.794238e+19
189,Jharkhand,Latehar,4.6461524e+18,1.1566663e+19,2.03433e+19
190,Jharkhand,Khunti,6.714196e+18,1.3646042e+19,4.215374e+19
191,Jharkhand,Pashchimi Singhbhum,7.5588934e+18,1.4188505e+19,3.8908115e+19
192,Jharkhand,Hazaribagh,7.7387147e+18,1.7761328e+19,6.3643366e+19
193,Jharkhand,Chatra,7.613461e+18,1.3338134e+19,2.3279628e+19
194,Jharkhand,Purbi Singhbhum,1.0945304e+19,2.9587207e+19,1.20446485e+20
195,Jharkhand,Kodarma,8.2080407e+18,1.9164316e+19,8.195646e+19
196,Jharkhand,Giridih,1.0012233e+19,2.0815528e+19,8.9019505e+19
197,Jharkhand,Bokaro,1.2934104e+19,3.1678586e+19,8.521754e+19
198,Jharkhand,Deoghar,8.913401e+18,1.8989443e+19,1.0037371e+20
199,Jharkhand,Gumla,3.6785338e+18,1.1341882e+19,2.7012975e+19
200,Jharkhand,Ramgarh,8.2521085e+18,1.5539816e+19,2.8667259e+19
201,Jharkhand,Garhwa,8.190705e+18,1.4769839e+19,2.8743939e+19
202,Jharkhand,Ranchi,5.1324917e+18,1.5299274e+19,4.1660276e+19
203,Jharkhand,Pakur,9.889809e+18,2.0984905e+19,3.52611e+19
204,Jharkhand,Lohardaga,3.6132932e+18,1.1924044e+19,2.9893425e+19
205,Jharkhand,Sahibganj,9.693608e+18,3.7767393e+19,9.494392e+19
206,Jharkhand,Godda,8.94727e+18,2.2026004e+19,8.749754e+19
207,Jharkhand,Palamu,6.7772286e+18,1.3070612e+19,4.739905e+19
208,Bihar,Arwal,1.0470827e+19,1.5515363e+19,2.2154807e+19
209,Bihar,Bhagalpur,1.1376432e+19,2.6018634e+19,1.1283753e+20
210,Bihar,Purnia,9.576591e+18,2.4721094e+19,6.3730905e+19
211,Bihar,Madhepura,9.713633e+18,1.9774787e+19,3.6812634e+19
212,Jharkhand,Dhanbad,1.135856e+19,3.191721e+19,7.219015e+19
213,Jharkhand,Dumka,6.576386e+18,2.122666e+19,7.736939e+19
214,Bihar,Kishanganj,1.3186595e+19,1.9002519e+19,2.975842e+19
215,Bihar,Gaya,7.666189e+18,1.6699741e+19,3.035066e+19
216,Bihar,Banka,6.636936e+18,1.4115147e+19,3.01252e+19
217,Bihar,Aurangabad,6.433723e+18,1.5885741e+19,6.9253888e+19
218,Bihar,Nawada,7.866854e+18,1.5873766e+19,2.5533591e+19
219,Bihar,Araria,9.853525e+18,1.8762572e+19,2.7960422e+19
220,Bihar,Pashchim Champaran,8.389512e+18,1.5022537e+19,2.3721585e+19
221,Bihar,Muzaffarpur,1.280707e+19,2.6901028e+19,1.129716e+20
222,Bihar,Saran,1.2362219e+19,1.7640693e+19,3.2267616e+19
223,Bihar,Sheikhpura,1.1217311e+19,1.613799e+19,2.104907e+19
224,Bihar,Jehanabad,1.1440464e+19,1.5831535e+19,2.1302985e+19
225,Bihar,Saharsa,8.573977e+18,2.0138017e+19,3.5219673e+19
226,Bihar,Gopalganj,1.2400725e+19,1.810227e+19,2.7478788e+19
227,Bihar,Vaishali,1.3222864e+19,1.9684337e+19,3.5884717e+19
228,Bihar,Siwan,1.1118203e+19,1.6598408e+19,2.1300432e+19
229,Bihar,Sheohar,1.0232098e+19,1.629399e+19,2.0614255e+19
230,Bihar,Buxar,1.0079828e+19,1.5998189e+19,2.3280067e+19
231,Bihar,Madhubani,8.244072e+18,1.5741713e+19,2.3242339e+19
232,Bihar,Supaul,9.931883e+18,1.6400675e+19,2.1387902e+19
233,Bihar,Bhojpur,9.939796e+18,1.6609054e+19,2.4266272e+19
234,Bihar,Darbhanga,1.2036145e+19,1.9386116e+19,3.2994017e+19
235,Bihar,Samastipur,1.2839694e+19,2.0537043e+19,3.9925822e+19
236,Bihar,Kaimur (Bhabua),5.716961e+18,1.4944945e+19,2.181271e+19
237,Bihar,Rohtas,5.6222323e+18,1.5679954e+19,3.336418e+19
238,Bihar,Khagaria,1.5088755e+19,2.5788845e+19,3.964295e+19
239,Bihar,Munger,1.1098521e+19,2.0831393e+19,4.036102e+19
240,Bihar,Sitamarhi,7.9218856e+18,1.5445263e+19,2.8062299e+19
241,Bihar,Purba Champaran,1.104885e+19,1.7021085e+19,3.376525e+19
242,Bihar,Lakhisarai,1.0350848e+19,2.0564397e+19,3.7388154e+19
243,Bihar,Jamui,8.530287e+18,1.6031922e+19,3.5220374e+19
244,Bihar,Begusarai,1.1427739e+19,2.0320818e+19,5.026321e+19
245,Bihar,Nalanda,1.1399017e+19,1.68491e+19,2.2111104e+19
246,Bihar,Katihar,8.138918e+18,2.5180987e+19,6.6630435e+19
247,NCT of Delhi,West,4.572679e+19,5.262825e+19,6.4671884e+19
248,Haryana,Mewat,1.3583669e+19,3.5886597e+19,1.0497989e+20
249,Haryana,Jhajjar,1.4301077e+19,2.7057099e+19,6.4756177e+19
250,Haryana,Bhiwani,2.0526163e+18,1.2479162e+19,3.0619433e+19
251,Haryana,Kaithal,3.99112e+18,9.604612e+18,1.8409982e+19
252,NCT of Delhi,New Delhi,,,
253,Haryana,Sonipat,8.0803027e+18,1.7758264e+19,4.4246956e+19
254,Haryana,Karnal,5.5106973e+18,1.3050729e+19,5.23649e+19
255,Haryana,Kurukshetra,5.918582e+18,1.1432783e+19,2.863911e+19
256,Haryana,Jind,4.4374099e+18,1.1678081e+19,3.3107674e+19
257,Haryana,Panipat,9.5033e+18,2.370855e+19,5.491924e+19
258,Haryana,Mahendragarh,4.5595934e+18,1.1279413e+19,2.5936417e+19
259,Haryana,Fatehabad,4.3865978e+18,1.3406621e+19,2.9518026e+19
260,NCT of Delhi,East,,,
261,NCT of Delhi,South,5.7319107e+19,1.00579445e+20,1.320259e+20
262,NCT of Delhi,North West,2.6226972e+19,4.0373473e+19,6.888097e+19
263,NCT of Delhi,South West,2.5657124e+19,5.4764594e+19,9.881432e+19
264,Haryana,Faridabad,4.33574e+19,8.615533e+19,1.8020464e+20
265,Haryana,Sirsa,6.503534e+18,1.2525877e+19,3.1744873e+19
266,Haryana,Hisar,4.7307785e+18,1.6759006e+19,3.800835e+19
267,NCT of Delhi,Central,6.2739374e+19,9.93572e+19,1.3138179e+20
268,Haryana,Rewari,8.765768e+18,2.4222092e+19,5.6920837e+19
269,Haryana,Rohtak,5.3485056e+18,1.9733056e+19,4.2765197e+19
270,Haryana,Ambala,8.5709785e+18,1.6832768e+19,3.3271816e+19
271,Chandigarh,Chandigarh,1.8802397e+19,2.3575159e+19,3.2818285e+19
272,NCT of Delhi,North East,2.6844394e+19,5.088207e+19,7.781854e+19
273,Punjab,Patiala,5.7677796e+18,1.2220578e+19,2.7423762e+19
274,Punjab,Tarn Taran,-1.3540299e+18,1.3204157e+19,6.8605013e+19
275,Punjab,Kapurthala,-1.0099683e+18,1.1853449e+19,3.3043733e+19
276,Punjab,Fatehgarh Sahib,6.036254e+18,1.6003094e+19,2.893995e+19
277,Punjab,Sangrur,4.790535e+18,1.1055305e+19,2.2025795e+19
278,NCT of Delhi,North,,,
279,Haryana,Gurgaon,1.4409542e+19,3.6758655e+19,9.323873e+19
280,Haryana,Yamunanagar,7.9579474e+18,1.7683292e+19,3.972569e+19
281,Haryana,Palwal,2.1042937e+19,4.397529e+19,1.0514024e+20
282,Haryana,Panchkula,6.473445e+18,2.464886e+19,6.5959593e+19
283,Punjab,Pathankot,3.7775566e+18,9.250033e+18,1.6436891e+19
284,Punjab,Gurdaspur,-6.266675e+18,7.692622e+18,2.4430585e+19
285,Punjab,Mansa,6.902516e+18,1.5566557e+19,3.2609962e+19
286,Punjab,Amritsar,-1.4285988e+18,1.6085408e+19,7.663364e+19
287,Punjab,Faridkot,4.5432887e+18,1.1444185e+19,1.907466e+19
288,Punjab,Ludhiana,4.6744373e+18,1.6513007e+19,6.0330766e+19
289,Punjab,Bathinda,7.20376e+18,1.4381954e+19,3.4250676e+19
290,Punjab,Jalandhar,-3.7594704e+17,1.3001473e+19,4.3808735e+19
291,Punjab,Moga,1.8795202e+18,8.9667136e+18,1.8209537e+19
292,Punjab,Hoshiarpur,4.5062778e+18,1.2050022e+19,2.1238864e+19
293,Punjab,Muktsar,7.789244e+18,1.489491e+19,2.688385e+19
294,Punjab,Rupnagar,9.663106e+18,1.8131786e+19,3.0653348e+19
295,Punjab,Firozpur,2.5517625e+18,1.1702038e+19,2.7104136e+19
296,Punjab,Fazilka,6.828338e+18,1.3440533e+19,2.7132347e+19
297,Punjab,Barnala,6.811578e+18,1.0786625e+19,1.7039924e+19
298,Punjab,Sahibzada Ajit Singh Nagar,1.0973294e+19,1.8537106e+19,5.0100342e+19
299,Punjab,Shahid Bhagat Singh Nagar,5.2899973e+18,1.4763156e+19,2.4447762e+19
300,Karnataka,Mandya,6.8813655e+18,1.341986e+19,2.0005394e+19
301,Karnataka,Mysore,2.9730036e+18,1.3113135e+19,2.6484803e+19
302,Karnataka,Chikkaballapura,6.2142033e+18,1.5923741e+19,3.855984e+19
303,Karnataka,Yadgir,7.5399164e+18,1.5967952e+19,5.5580383e+19
304,Karnataka,Chikmagalur,2.7207624e+18,9.330405e+18,1.546852e+19
305,Karnataka,Chitradurga,4.209531e+18,1.5724801e+19,1.28896285e+20
306,Karnataka,Haveri,6.4465956e+18,1.3791685e+19,2.2276825e+19
307,Karnataka,Dakshina Kannada,2.2509385e+18,9.947333e+18,5.6527054e+19
308,Karnataka,Raichur,8.223675e+18,1.6158501e+19,1.7241108e+20
309,Karnataka,Kolar,6.523823e+18,1.2793901e+19,2.104464e+19
310,Karnataka,Bijapur,2.119376e+18,1.219621e+19,2.2755937e+19
311,Karnataka,Uttara Kannada,-1.8887475e+16,8.190947e+18,1.6622285e+19
312,Karnataka,Davanagere,6.735741e+18,1.5053694e+19,2.822819e+19
313,Karnataka,Dharwad,5.3331317e+18,1.2533164e+19,2.2061628e+19
314,Karnataka,Bidar,5.94213e+18,1.3027235e+19,1.930405e+19
315,Karnataka,Chamarajanagar,1.504145e+18,1.206013e+19,3.3561557e+19
316,Karnataka,Gulbarga,7.940709e+18,1.7897686e+19,8.264791e+19
317,Karnataka,Gadag,5.670171e+18,1.2847981e+19,1.8475978e+19
318,Karnataka,Udupi,1.666441e+18,7.6244787e+18,1.2063327e+19
319,Karnataka,Bagalkot,7.2372e+18,1.7910064e+19,3.4039677e+19
320,Karnataka,Hassan,4.0159077e+18,1.1127922e+19,2.2571896e+19
321,Karnataka,Shimoga,1.8094909e+18,9.730769e+18,1.923753e+19
322,Karnataka,Bellary,7.6625647e+18,3.104797e+19,1.8704336e+20
323,Karnataka,Kodagu,8.456363e+17,8.2513163e+18,1.4411933e+19
324,Karnataka,Bangalore Rural,8.299687e+18,2.3401251e+19,5.980268e+19
325,Karnataka,Tumkur,5.211201e+18,1.3239848e+19,2.2106966e+19
326,Karnataka,Belgaum,4.4095526e+18,1.5269758e+19,2.8248158e+19
327,Karnataka,Koppal,8.420682e+18,1.6897753e+19,5.3196523e+19
328,Karnataka,Bangalore,1.1397086e+19,3.673746e+19,8.301279e+19
329,Karnataka,Ramanagara,4.165817e+18,1.2973278e+19,2.062995e+19
330,Maharashtra,Washim,4.538156e+18,1.2560206e+19,3.2674464e+19
331,Maharashtra,Ahmadnagar,7.220553e+18,1.5652521e+19,2.6277347e+19
332,Maharashtra,Latur,6.83898e+18,1.2726801e+19,2.3899926e+19
333,Maharashtra,Solapur,6.9839137e+18,1.5786902e+19,2.4262802e+19
334,Maharashtra,Nashik,6.006209e+18,1.4759945e+19,3.3454165e+19
335,Maharashtra,Osmanabad,5.416828e+18,1.2653822e+19,2.464255e+19
336,Maharashtra,Sindhudurg,2.5250048e+18,9.0039645e+18,1.82973e+19
337,Maharashtra,Kolhapur,2.7622016e+18,1.3444574e+19,3.0185207e+19
338,Maharashtra,Chandrapur,7.798744e+18,2.4238092e+19,1.5138912e+20
339,Maharashtra,Akola,4.7935244e+18,1.1959343e+19,2.2878057e+19
340,Maharashtra,Parbhani,3.2896552e+18,1.227588e+19,4.0185083e+19
341,Maharashtra,Yavatmal,4.559556e+18,1.5266122e+19,1.1131705e+20
342,Maharashtra,Nanded,7.057654e+18,1.3648833e+19,3.1469892e+19
343,Maharashtra,Dhule,5.527074e+18,1.3752134e+19,1.912157e+19
344,Maharashtra,Satara,4.4186646e+18,1.4316169e+19,2.477882e+19
345,Maharashtra,Sangli,3.5623589e+18,1.5331262e+19,2.5155898e+19
346,Maharashtra,Hingoli,3.8844108e+18,1.2375983e+19,2.3682317e+19
347,Maharashtra,Pune,6.736367e+18,2.0803297e+19,7.298689e+19
348,Maharashtra,Gondiya,4.668566e+18,1.5464985e+19,1.1082655e+20
349,Maharashtra,Amravati,4.4073767e+18,1.1376869e+19,4.997101e+19
350,Maharashtra,Nandurbar,7.5389686e+18,1.4529854e+19,8.564915e+19
351,Maharashtra,Ratnagiri,2.7441163e+18,1.3168059e+19,5.037937e+19
352,Maharashtra,Wardha,5.8772673e+18,1.7635052e+19,5.7382606e+19
353,Maharashtra,Aurangabad,6.433723e+18,1.5885741e+19,6.9253888e+19
354,Maharashtra,Buldana,5.842989e+18,1.1754456e+19,3.6379963e+19
355,Maharashtra,Gadchiroli,1.9834342e+18,1.1676344e+19,2.7842056e+19
356,Maharashtra,Jalgaon,5.799041e+18,1.2120339e+19,2.1033523e+19
357,Maharashtra,Raigarh,6.355793e+18,3.1466063e+19,1.5441179e+20
358,Maharashtra,Bhandara,4.0748157e+18,1.7823998e+19,7.125077e+19
359,Maharashtra,Bid,5.38385e+18,1.3650216e+19,7.0931575e+19
360,Maharashtra,Jalna,5.975318e+18,1.2464345e+19,2.1815656e+19
361,Maharashtra,Thane,7.6286156e+18,2.3055204e+19,7.690467e+19
362,Maharashtra,Palghar,6.4177004e+18,1.7792152e+19,3.3100118e+19
363,Pondicherry,Yanam,,,
364,Manipur,Tamenglong,5.496866e+18,9.1292214e+18,1.2517915e+19
365,Maharashtra,Mumbai,,,
366,Mizoram,Lunglei,4.776501e+18,1.090486e+19,2.1333503e+19
367,Mizoram,Kolasib,7.007102e+18,1.1683802e+19,1.8562114e+19
368,Mizoram,Lawngtlai,3.1758948e+18,1.0087556e+19,2.156198e+19
369,Mizoram,Saiha,3.619075e+18,7.8981664e+18,1.1308299e+19
370,Mizoram,Champhai,1.4763415e+18,7.518063e+18,1.2348552e+19
371,Mizoram,Serchhip,3.5837023e+18,9.26208e+18,1.4626325e+19
372,Mizoram,Aizawl,3.5448197e+18,9.548608e+18,1.7234374e+19
373,Mizoram,Mamit,1.5272287e+18,1.0888954e+19,2.2969524e+19
374,Manipur,Chandel,2.7978934e+18,7.976907e+18,1.129671e+19
375,Maharashtra,Mumbai Suburban,2.2437127e+19,7.496672e+19,1.5481374e+20
376,Maharashtra,Nagpur,5.612682e+18,2.609696e+19,2.9667737e+20
377,Goa,North Goa,3.9761447e+18,9.945564e+18,1.6099403e+19
378,Goa,South Goa,3.9682507e+18,9.0616685e+18,1.5669245e+19
379,Andaman & Nicobar Islands,North  & Middle Andaman,-4.2468296e+18,4.1362825e+18,8.8987143e+18
380,Andaman & Nicobar Islands,South Andaman,-3.3916022e+18,4.049972e+18,8.7973965e+18
381,Andaman & Nicobar Islands,Nicobars,2.8444457e+18,4.6081434e+18,7.360077e+18
382,Pondicherry,Karaikal,4.574238e+18,7.04339e+18,1.0010876e+19
383,Pondicherry,Puducherry,7.317345e+18,1.195157e+19,2.0726e+19
384,Pondicherry,Mahe,,,
385,Manipur,Ukhrul,3.7696083e+18,8.3659366e+18,1.2858876e+19
386,Manipur,Bishnupur,6.416001e+18,9.715131e+18,1.3619267e+19
387,Manipur,Churachandpur,-2.1334051e+17,8.970147e+18,1.5197292e+19
388,Manipur,Thoubal,7.1503083e+18,8.72766e+18,1.303358e+19
389,Manipur,Imphal East,5.378285e+18,1.0189357e+19,1.6701313e+19
390,Manipur,Senapati,5.08324e+18,8.707889e+18,1.3515836e+19
391,Manipur,Imphal West,8.2753715e+18,9.705483e+18,1.1731393e+19
392,Nagaland,Mon,5.3568333e+18,1.346443e+19,4.5129164e+19
393,Nagaland,Tuensang,1.7160988e+18,8.811962e+18,1.3509686e+19
394,Nagaland,Mokokchung,5.598711e+18,1.2059059e+19,1.7947873e+19
395,Nagaland,Longleng,5.8586125e+18,1.1194834e+19,1.4704798e+19
396,Nagaland,Phek,4.2355937e+18,8.269526e+18,1.2218609e+19
397,Nagaland,Kohima,4.5405965e+18,8.9084455e+18,1.2154057e+19
398,Nagaland,Wokha,5.787753e+18,1.0646955e+19,1.5013594e+19
399,Nagaland,Zunheboto,6.257783e+18,9.598389e+18,1.2874492e+19
400,Nagaland,Kiphire,4.1450393e+18,8.4834876e+18,1.2527171e+19
401,Nagaland,Dimapur,8.103994e+18,1.0862002e+19,1.2930074e+19
402,Nagaland,Peren,4.3027494e+18,9.177303e+18,1.5951474e+19
403,Arunachal Pradesh,Lohit,4.0558183e+18,8.9611116e+18,1.3657154e+19
404,Arunachal Pradesh,West Siang,-1.0418288e+18,7.313987e+18,1.7683491e+19
405,Arunachal Pradesh,Upper Subansiri,-6.258347e+17,5.8889645e+18,1.5563386e+19
406,Arunachal Pradesh,Changlang,1.3651946e+18,8.756647e+18,1.5638386e+19
407,Arunachal Pradesh,Tirap,7.7097425e+18,1.1348837e+19,1.6488215e+19
408,Arunachal Pradesh,Lower Subansiri,2.5547425e+18,9.0689374e+18,1.434681e+19
409,Arunachal Pradesh,East Kameng,-8.0595886e+17,6.886123e+18,1.2381555e+19
410,Arunachal Pradesh,Upper Siang,6.594783e+17,5.501845e+18,8.869197e+18
411,Arunachal Pradesh,Anjaw,-3.403367e+17,6.3687936e+18,1.0079006e+19
412,Arunachal Pradesh,East Siang,2.3002777e+18,7.9900163e+18,1.382792e+19
413,Arunachal Pradesh,Dibang Valley,1.2618762e+18,5.5092553e+18,1.0950798e+19
414,Arunachal Pradesh,Kurung Kumey,-3.3349648e+17,5.926271e+18,1.0852399e+19
415,Arunachal Pradesh,West Kameng,-3.297945e+18,6.782548e+18,1.4242381e+19
416,Arunachal Pradesh,Lower Dibang Valley,1.3692184e+18,7.3220707e+18,1.4433683e+19
417,Arunachal Pradesh,Tawang,-8.0516646e+17,5.5054653e+18,9.99244e+18
418,Arunachal Pradesh,Papum Pare,1.2120597e+16,7.713569e+18,1.3463298e+19
419,Assam,Goalpara,6.4699184e+18,1.2390784e+19,2.074396e+19
420,Assam,Baksa,5.925007e+18,1.1532072e+19,1.8056686e+19
421,Assam,Nagaon,4.839284e+18,1.1302345e+19,1.9381388e+19
422,Assam,Nalbari,8.1494455e+18,1.3553159e+19,2.033638e+19
423,Assam,Dhubri,8.200964e+18,1.3857751e+19,2.1279055e+19
424,Assam,Sivasagar,7.1009336e+18,1.525387e+19,2.1506236e+19
425,Assam,Karimganj,4.7446884e+18,1.1306751e+19,1.978596e+19
426,Assam,Tinsukia,7.759765e+18,1.3114937e+19,2.566901e+19
427,Assam,Hailakandi,5.833485e+18,1.070041e+19,1.717948e+19
428,Assam,Chirang,5.0542076e+18,1.276322e+19,2.501211e+19
429,Assam,Cachar,5.79159e+18,1.0468971e+19,1.6099159e+19
430,Assam,Darrang,5.3604205e+18,1.2376517e+19,1.8242285e+19
431,Assam,Kamrup,6.562381e+18,1.4063035e+19,2.8115799e+19
432,Assam,Dibrugarh,4.377211e+18,1.4690987e+19,4.082584e+19
433,Assam,Barpeta,6.0325805e+18,1.3346357e+19,2.1908194e+19
434,Assam,Dhemaji,7.691727e+18,1.1320932e+19,1.7195729e+19
435,Assam,Sonitpur,1.9169508e+18,1.0387877e+19,1.6710951e+19
436,Assam,Udalguri,5.143588e+18,1.0711187e+19,1.7922553e+19
437,Assam,Morigaon,6.653096e+18,1.1995448e+19,1.6567506e+19
438,Assam,Karbi Anglong,2.471523e+18,1.0356133e+19,2.282501e+19
439,Assam,Lakhimpur,6.477219e+18,1.1293893e+19,1.544447e+19
440,Assam,Golaghat,5.9619754e+18,1.2219307e+19,1.7949848e+19
441,Assam,Dima Hasao,1.7931516e+18,1.0418073e+19,2.3571796e+19
442,Assam,Bongaigaon,8.865316e+18,1.4513088e+19,3.086325e+19
443,Meghalaya,West Jaintia Hills,3.2243605e+18,1.169127e+19,1.8870225e+19
444,Assam,Kamrup Metropolitan,6.443515e+18,1.4283765e+19,2.5522658e+19
445,Assam,Kokrajhar,5.4615e+18,1.5732261e+19,4.779273e+19
446,Assam,Jorhat,7.4738396e+18,1.3329014e+19,2.021421e+19
447,Tripura,Khowai,4.1852745e+18,1.4732808e+19,3.5148992e+19
448,Tripura,Sipahijula,4.4538014e+18,1.951452e+19,3.2642563e+19
449,Tripura,West Tripura,3.0888877e+18,1.911948e+19,3.961614e+19
450,Tripura,Dhalai,1.7021743e+18,1.3841477e+19,3.122312e+19
451,Tripura,Unokoti,7.916033e+18,1.1714902e+19,1.716048e+19
452,Tripura,North Tripura,5.385696e+18,1.270027e+19,1.7222372e+19
453,Tripura,Gomati,2.2236747e+18,1.800282e+19,3.7542776e+19
454,Tripura,South Tripura,6.6095685e+18,1.7839024e+19,3.1509057e+19
455,Meghalaya,South Garo Hills,5.336922e+18,1.1765101e+19,1.7342961e+19
456,Meghalaya,Ribhoi,2.5256678e+18,1.168531e+19,2.1093466e+19
457,Meghalaya,East Khasi Hills,5.3222053e+18,1.196077e+19,1.8757748e+19
458,Meghalaya,West Khasi Hills,2.7324343e+18,1.0858283e+19,2.0975557e+19
459,Meghalaya,South West Khasi Hills,3.5954399e+18,1.1406096e+19,1.9984926e+19
460,Meghalaya,West Garo Hills,3.9320312e+18,1.2488378e+19,2.1399764e+19
461,Meghalaya,East Garo Hills,4.201119e+18,1.0825081e+19,1.935688e+19
462,Meghalaya,North Garo Hills,5.7915736e+18,1.1499689e+19,1.6952283e+19
463,Orissa,Subarnapur,8.242448e+18,2.445939e+19,9.347847e+19
464,Orissa,Puri,7.150811e+18,1.1555157e+19,1.9970687e+19
465,Orissa,Anugul,6.614743e+18,2.7317602e+19,2.9688183e+20
466,Orissa,Debagarh,5.553148e+18,1.5529839e+19,3.2618081e+19
467,Orissa,Koraput,1.8030634e+18,8.1304586e+18,1.7086899e+19
468,Meghalaya,South West Garo Hills,6.3989735e+18,1.4498581e+19,2.2407282e+19
469,Meghalaya,East Jaintia Hills,3.5986284e+18,1.2075438e+19,2.700378e+19
470,Orissa,Nabarangapur,3.0850416e+18,1.0724846e+19,4.4435315e+19
471,Orissa,Bargarh,6.0206975e+18,2.8482613e+19,1.21866905e+20
472,Orissa,Jagatsinghapur,7.166865e+18,1.6359741e+19,3.0610432e+19
473,Orissa,Kandhamal,1.8384063e+18,8.5948263e+18,1.625423e+19
474,Orissa,Khordha,7.0750517e+18,1.3568375e+19,3.1617132e+19
475,Orissa,Mayurbhanj,7.9595104e+18,1.8508374e+19,4.182056e+19
476,Orissa,Malkangiri,3.2466124e+18,8.7204565e+18,1.5996548e+19
477,Orissa,Baleshwar,9.872332e+18,1.9935718e+19,4.5512542e+19
478,Orissa,Sambalpur,4.4407045e+18,3.073797e+19,2.5591079e+20
479,Orissa,Gajapati,4.061586e+18,8.7534116e+18,1.4492675e+19
480,Orissa,Dhenkanal,1.0709172e+19,5.143545e+19,3.5990034e+20
481,Orissa,Nayagarh,5.4510713e+18,1.1112319e+19,1.8076329e+19
482,Orissa,Cuttack,6.986107e+18,2.191056e+19,8.207371e+19
483,Orissa,Jajapur,1.2396287e+19,2.168538e+19,6.5613642e+19
484,Orissa,Kalahandi,4.2252945e+18,1.2343163e+19,4.3432526e+19
485,Orissa,Baudh,5.783565e+18,1.2736859e+19,2.679855e+19
486,Orissa,Kendrapara,1.4794641e+18,1.6769605e+19,3.0879494e+19
487,Orissa,Kendujhar,6.275756e+18,1.6132253e+19,5.4259637e+19
488,Orissa,Ganjam,2.0772012e+18,1.1013274e+19,1.7210206e+19
489,Orissa,Sundargarh,7.0343824e+18,2.3963726e+19,8.8307e+19
490,Orissa,Bhadrak,1.2611801e+19,1.94833e+19,4.699225e+19
491,Orissa,Nuapada,3.711664e+18,1.565457e+19,3.776488e+19
492,Orissa,Rayagada,4.1317398e+18,9.706859e+18,2.5797146e+19
493,Orissa,Balangir,4.43151e+18,1.9498047e+19,8.798763e+19
494,Orissa,Jharsuguda,9.813644e+18,4.019855e+19,1.3205313e+20
495,Chhatisgarh,Bemetra,9.181585e+18,1.7581655e+19,7.32988e+19
496,Chhatisgarh,Bastar,1.8450902e+18,7.427379e+18,1.2200807e+19
497,Chhatisgarh,Mungeli,1.4240648e+16,1.3399495e+19,8.7299965e+19
498,Chhatisgarh,Bilaspur,9.7060695e+17,2.625678e+19,1.5497513e+20
499,Chhatisgarh,Gariaband,5.5452396e+18,1.964531e+19,6.8569596e+19
500,Chhatisgarh,Kabeerdham,1.532734e+18,1.0751438e+19,2.6655522e+19
501,Chhatisgarh,Sukma,2.867319e+18,8.9497085e+18,1.6962628e+19
502,Chhatisgarh,Uttar Bastar Kanker,3.3419989e+18,1.3716514e+19,4.654105e+19
503,Chhatisgarh,Baloda Bazar,9.627042e+18,5.093709e+19,2.171625e+20
504,Chhatisgarh,Balod,5.078884e+18,2.1752498e+19,8.880805e+19
505,Chhatisgarh,Dakshin Bastar Dantewada,3.2880392e+18,7.936996e+18,1.3662779e+19
506,Chhatisgarh,Surguja,7.6307586e+18,3.1797938e+19,9.7244e+19
507,Chhatisgarh,Balrampur,3.0559972e+18,3.8741517e+19,3.288154e+20
508,Chhatisgarh,Kondagaon,2.2987989e+18,1.0127472e+19,3.71571e+19
509,Chhatisgarh,Narayanpur,3.5296085e+18,7.23394e+18,1.309765e+19
510,Chhatisgarh,Durg,7.881582e+18,3.858037e+19,1.4717764e+20
511,Chhatisgarh,Surajpur,1.0842993e+19,5.3586775e+19,2.2603083e+20
512,Chhatisgarh,Bijapur,2.119376e+18,1.219621e+19,2.2755937e+19
513,Chhatisgarh,Raipur,1.0016288e+19,5.583619e+19,1.8619464e+20
514,Chhatisgarh,Koriya,3.7895034e+18,1.2621527e+19,4.641798e+19
515,Chhatisgarh,Dhamtari,4.795515e+18,1.8693991e+19,4.420748e+19
516,Chhatisgarh,Korba,6.0320203e+18,2.7901348e+19,2.1413202e+20
517,Chhatisgarh,Raigarh,6.355793e+18,3.1466063e+19,1.5441179e+20
518,Chhatisgarh,Jashpur,4.726616e+18,2.2140716e+19,8.63103e+19
519,Chhatisgarh,Mahasamund,4.788516e+18,2.3895418e+19,6.5265348e+19
520,Chhatisgarh,Rajnandgaon,3.7598927e+18,1.2067341e+19,7.032521e+19
521,Rajasthan,Jhunjhunun,3.10106e+18,8.157213e+18,1.3571063e+19
522,Rajasthan,Jaisalmer,1.306181e+18,6.7535825e+18,1.6735924e+19
523,Rajasthan,Sikar,2.1924853e+18,8.119559e+18,1.8224085e+19
524,Rajasthan,Hanumangarh,5.4354715e+18,1.3383777e+19,3.4094994e+19
525,Rajasthan,Nagaur,1.2864165e+18,8.7213917e+18,2.7533763e+19
526,Rajasthan,Barmer,1.3381483e+18,1.0086042e+19,5.4463943e+19
527,Rajasthan,Ganganagar,5.45327e+18,1.1892672e+19,4.78852e+19
528,Rajasthan,Jodhpur,3.0435886e+18,1.0908929e+19,5.619699e+19
529,Rajasthan,Churu,2.4773718e+18,8.669698e+18,2.1425257e+19
530,Rajasthan,Bikaner,3.3758591e+18,9.614318e+18,2.8468896e+19
531,Rajasthan,Pratapgarh,6.665309e+18,1.854059e+19,7.641498e+19
532,Chhatisgarh,Janjgir-Champa,1.8249569e+19,6.4678618e+19,2.3150814e+20
533,Rajasthan,Bhilwara,5.815612e+18,2.04296e+19,1.5499972e+20
534,Rajasthan,Tonk,3.5375657e+18,1.2387776e+19,3.233343e+19
535,Rajasthan,Bundi,7.3876604e+18,1.939958e+19,7.449165e+19
536,Rajasthan,Jaipur,4.955542e+18,1.6995191e+19,6.543046e+19
537,Rajasthan,Kota,7.76226e+18,2.0847064e+19,9.110817e+19
538,Rajasthan,Pali,4.9987015e+18,1.7267092e+19,1.4276036e+20
539,Rajasthan,Rajsamand,5.99619e+18,1.7397112e+19,6.374051e+19
540,Rajasthan,Ajmer,5.879199e+18,2.2400005e+19,1.9174399e+20
541,Rajasthan,Bharatpur,4.474396e+18,1.5426799e+19,6.033166e+19
542,Rajasthan,Dungarpur,7.5899793e+18,1.3397711e+19,2.0360473e+19
543,Rajasthan,Chittaurgarh,8.110793e+18,3.3167188e+19,1.5009692e+20
544,Rajasthan,Udaipur,5.573608e+18,2.0031013e+19,8.094971e+19
545,Rajasthan,Jalor,3.0095425e+18,1.1843417e+19,2.0182646e+19
546,Rajasthan,Dausa,6.854505e+18,1.2228366e+19,1.9936578e+19
547,Rajasthan,Sirohi,5.5965846e+18,2.1354851e+19,9.9018235e+19
548,Tamil Nadu,Ariyalur,6.381634e+18,1.30038e+19,3.5954817e+19
549,Tamil Nadu,Sivaganga,3.3702758e+18,9.367079e+18,1.5418191e+19
550,Tamil Nadu,Thanjavur,4.207875e+18,1.0312459e+19,1.6105788e+19
551,Tamil Nadu,Tiruvannamalai,4.579089e+18,1.2376206e+19,4.6815032e+19
552,Tamil Nadu,Ramanathapuram,3.5629897e+18,8.115091e+18,1.2212017e+19
553,Tamil Nadu,Tirunelveli,1.8142964e+16,1.023649e+19,1.6202371e+19
554,Tamil Nadu,Virudhunagar,5.8175457e+18,1.0857048e+19,1.7060677e+19
555,Tamil Nadu,Thiruvarur,4.4002073e+18,9.469288e+18,1.4340335e+19
556,Tamil Nadu,Thiruvallur,7.509387e+18,2.4169517e+19,7.606553e+19
557,Tamil Nadu,Tiruchirappalli,5.3980413e+18,1.2111025e+19,2.326097e+19
558,Tamil Nadu,Tiruppur,2.711119e+18,1.3910493e+19,2.5288776e+19
559,Tamil Nadu,Madurai,3.8236825e+18,1.1395485e+19,2.0177305e+19
560,Tamil Nadu,Karur,7.286103e+18,1.202046e+19,1.9966711e+19
561,Tamil Nadu,Dharmapuri,4.87119e+18,1.8577234e+19,8.264809e+19
562,Tamil Nadu,Namakkal,4.5475383e+18,1.2425773e+19,2.0517646e+19
563,Uttar Pradesh,Moradabad,7.412559e+18,1.8211972e+19,3.4830244e+19
564,Uttar Pradesh,Sambhal,7.571056e+18,1.8788624e+19,3.4406344e+19
565,Uttar Pradesh,Budaun,8.558063e+18,1.5831942e+19,2.8129576e+19
566,Uttar Pradesh,Kanshiram Nagar,9.429429e+18,2.0528491e+19,4.324403e+19
567,Uttar Pradesh,Bahraich,7.037427e+18,1.3860502e+19,2.9980056e+19
568,Uttar Pradesh,Hapur,8.697007e+18,2.652494e+19,9.607396e+19
569,Uttar Pradesh,Sitapur,1.0124629e+19,2.1109794e+19,4.8238715e+19
570,Uttar Pradesh,Samli,7.2865114e+18,1.7731644e+19,5.7824007e+19
571,Uttar Pradesh,Shrawasti,7.013636e+18,1.2378296e+19,1.9834326e+19
572,Tamil Nadu,Theni,3.9942278e+18,1.0906596e+19,1.9034787e+19
573,Tamil Nadu,Salem,6.384769e+18,1.7489175e+19,7.628648e+19
574,Tamil Nadu,Perambalur,8.068827e+18,2.301154e+19,5.851225e+19
575,Tamil Nadu,Dindigul,4.4261313e+18,1.0782902e+19,1.7577942e+19
576,Uttar Pradesh,Meerut,3.9832459e+18,2.1043087e+19,4.3873795e+19
577,Uttar Pradesh,Aligarh,7.200478e+18,3.3321006e+19,1.2109301e+20
578,Uttar Pradesh,Bulandshahr,8.2463674e+18,4.027928e+19,1.6643429e+20
579,Uttar Pradesh,Bijnor,3.6743546e+18,1.6599193e+19,3.868539e+19
580,Uttar Pradesh,Baghpat,6.685244e+18,2.7620669e+19,5.4845285e+19
581,Uttar Pradesh,Kheri,6.4060505e+18,1.6250891e+19,4.5354186e+19
582,Uttar Pradesh,Rampur,7.485096e+18,1.6419128e+19,2.998691e+19
583,Uttar Pradesh,Bareilly,7.230453e+18,1.7782807e+19,2.8735204e+19
584,Uttar Pradesh,Mathura,8.742862e+18,2.0425197e+19,4.5130836e+19
585,Uttar Pradesh,Etah,8.3634583e+18,2.125502e+19,3.874296e+19
586,Uttar Pradesh,Hardoi,1.1148442e+19,1.9749357e+19,5.01518e+19
587,Uttar Pradesh,Balrampur,3.0559972e+18,3.8741517e+19,3.288154e+20
588,Uttar Pradesh,Mahamaya Nagar,8.6627107e+18,2.069009e+19,4.3997626e+19
589,Uttar Pradesh,Shahjahanpur,8.309348e+18,1.8044372e+19,4.5713445e+19
590,Uttar Pradesh,Farrukhabad,1.2364945e+19,1.8370604e+19,2.7590641e+19
591,Uttar Pradesh,Kannauj,1.2306137e+19,2.1583163e+19,2.9754278e+19
592,Uttar Pradesh,Pilibhit,7.7029146e+18,1.8203756e+19,3.3802018e+19
593,Uttar Pradesh,Mainpuri,1.2858569e+19,2.3987245e+19,3.7685066e+19
594,Uttar Pradesh,Jyotiba Phule Nagar,7.1231773e+18,2.007846e+19,3.6809261e+19
595,Uttar Pradesh,Firozabad,9.631638e+18,2.1979778e+19,5.576328e+19
596,Uttar Pradesh,Sultanpur,1.4387388e+19,2.0713455e+19,3.7282297e+19
597,Uttar Pradesh,Chitrakoot,8.227421e+18,1.8357203e+19,7.0223785e+19
598,Uttar Pradesh,Basti,1.2444587e+19,2.309749e+19,7.3242366e+19
599,Uttar Pradesh,Gorakhpur,9.455788e+18,1.8134809e+19,3.6591602e+19
600,Uttar Pradesh,Lucknow,1.2862519e+19,2.3382038e+19,4.172574e+19
601,Uttar Pradesh,Azamgarh,1.1078546e+19,1.7273641e+19,2.4529742e+19
602,Uttar Pradesh,Faizabad,1.2281372e+19,2.2278017e+19,6.4365745e+19
603,Uttar Pradesh,Ambedkar Nagar,1.3184981e+19,2.3710797e+19,7.600464e+19
604,Uttar Pradesh,Ballia,1.1740016e+19,1.644808e+19,2.2172358e+19
605,Uttar Pradesh,Kanpur Nagar,1.2122927e+19,2.1277028e+19,4.128174e+19
606,Uttar Pradesh,Sant Ravidas Nagar (Bhadohi),1.6189912e+19,2.2710978e+19,4.217994e+19
607,Uttar Pradesh,Siddharthnagar,7.1776773e+18,1.3159816e+19,1.8803476e+19
608,Uttar Pradesh,Sant Kabir Nagar,1.0359732e+19,2.0916298e+19,5.476923e+19
609,Uttar Pradesh,Kaushambi,1.0303929e+19,2.7715198e+19,1.0253496e+20
610,Uttar Pradesh,Jalaun,1.0153784e+19,1.6765227e+19,2.3588362e+19
611,Uttar Pradesh,Varanasi,1.5894319e+19,2.1768806e+19,3.1495453e+19
612,Uttar Pradesh,Auraiya,1.2904497e+19,2.0829293e+19,3.1496274e+19
613,Uttar Pradesh,Pratapgarh,6.665309e+18,1.854059e+19,7.641498e+19
614,Uttar Pradesh,Hamirpur,3.691752e+18,1.5928452e+19,3.0746567e+19
615,Uttar Pradesh,Gonda,8.735424e+18,1.7554261e+19,3.542044e+19
616,Uttar Pradesh,Kanpur Dehat,1.4249578e+19,1.977743e+19,2.9798036e+19
617,Uttar Pradesh,Jaunpur,1.0996156e+19,1.9961513e+19,4.6045783e+19
618,Uttar Pradesh,Bara Banki,1.1549231e+19,2.1685958e+19,4.492214e+19
619,Uttar Pradesh,Mahoba,7.167729e+18,1.3409313e+19,2.604438e+19
620,Uttar Pradesh,Mahrajganj,8.275929e+18,1.3337325e+19,2.0052924e+19
621,Uttar Pradesh,Mirzapur,1.0022036e+19,1.7838694e+19,3.697531e+19
622,Uttar Pradesh,Kushinagar,8.9678e+18,1.6666593e+19,2.531158e+19
623,Uttar Pradesh,Deoria,8.64434e+18,1.6581549e+19,2.2969007e+19
624,Uttar Pradesh,Unnao,1.1561366e+19,2.2357093e+19,4.7970135e+19
625,Uttar Pradesh,Fatehpur,9.83951e+18,1.97026e+19,6.8790395e+19
626,Uttar Pradesh,Mau,1.2201969e+19,1.8039368e+19,2.527515e+19
627,Uttar Pradesh,Rae Bareli,1.2100047e+19,2.3400226e+19,6.9791245e+19
628,Uttar Pradesh,Amethi,1.1126378e+19,2.1649034e+19,4.1334297e+19
629,Uttar Pradesh,Ghaziabad,1.1569805e+19,4.280037e+19,1.5186972e+20
630,Uttar Pradesh,Muzaffarnagar,5.4393456e+18,1.6188531e+19,4.8140806e+19
631,Uttar Pradesh,Gautam Buddha Nagar,1.5181193e+19,8.376706e+19,1.6949169e+20
632,Uttar Pradesh,Saharanpur,5.6555173e+18,1.4583691e+19,3.800478e+19
633,Uttar Pradesh,Etawah,1.0972751e+19,2.2088223e+19,4.399752e+19
634,Uttar Pradesh,Agra,9.488792e+18,1.9344115e+19,3.4933848e+19
635,Tamil Nadu,Cuddalore,4.919384e+18,3.2066434e+19,2.446781e+20
636,Tamil Nadu,Pudukkottai,4.0141358e+18,9.322486e+18,1.5819085e+19
637,Tamil Nadu,Vellore,4.86092e+18,1.2004335e+19,2.0126699e+19
638,Uttar Pradesh,Chandauli,9.998737e+18,1.6705643e+19,2.9899893e+19
639,Uttar Pradesh,Jhansi,8.8461016e+18,1.8587926e+19,1.0597014e+20
640,Uttar Pradesh,Banda,7.623452e+18,1.4997221e+19,3.4215738e+19
641,Uttar Pradesh,Sonbhadra,6.1995276e+18,5.929706e+19,4.0603107e+20
642,Uttar Pradesh,Lalitpur,5.3317106e+18,1.0966175e+19,3.2839233e+19
643,Uttar Pradesh,Ghazipur,1.1247297e+19,1.6929306e+19,2.3502094e+19
644,Tamil Nadu,Krishnagiri,5.6064054e+18,1.2063406e+19,2.181019e+19
645,Tamil Nadu,Erode,4.5056411e+18,1.3800621e+19,4.4360654e+19
646,Tamil Nadu,Coimbatore,1.1512662e+18,1.5538482e+19,3.1540492e+19
647,Telangana,Warangal (R),8.142911e+18,1.3526623e+19,2.7639864e+19
648,Tamil Nadu,Chennai,2.221831e+19,2.3001741e+19,2.438089e+19
649,Tamil Nadu,Nagapattinam,3.2867822e+18,7.623042e+18,1.2211872e+19
650,Tamil Nadu,Viluppuram,3.7229357e+18,2.4698697e+19,2.3336726e+20
651,Tamil Nadu,Kancheepuram,3.1334262e+18,1.012086e+19,2.339422e+19
652,Rajasthan,Banswara,5.7320383e+18,1.2779855e+19,2.2205286e+19
653,Tamil Nadu,Kanniyakumari,6.4377516e+18,1.008116e+19,1.3870278e+19
654,Tamil Nadu,Thoothukkudi,5.1921836e+18,1.3375051e+19,4.050387e+19
655,Uttar Pradesh,Allahabad,1.0199883e+19,2.6789262e+19,7.558652e+19
656,Tamil Nadu,The Nilgiris,-8.575458e+17,8.269135e+18,1.4740187e+19
657,Rajasthan,Jhalawar,7.338284e+18,1.3367133e+19,3.5730871e+19
658,Rajasthan,Alwar,4.010772e+18,1.7073722e+19,5.256824e+19
659,Rajasthan,Baran,4.6243156e+18,1.9053589e+19,1.0029091e+20
660,Rajasthan,Karauli,5.572375e+18,1.1141483e+19,2.7135131e+19
661,Rajasthan,Dhaulpur,6.667967e+18,1.4003189e+19,2.3371866e+19
662,Rajasthan,Sawai Madhopur,6.1318494e+18,1.2139755e+19,3.136596e+19
663,Telangana,Jangaon,7.0083377e+18,1.4601952e+19,4.333667e+19
664,Telangana,Mancherial,5.648189e+18,2.1591998e+19,1.2621512e+20
665,Telangana,Bhadradri,5.1627744e+18,1.2634281e+19,8.550544e+19
666,Telangana,Hydrabad,2.51617e+19,4.132782e+19,6.524174e+19
667,Telangana,Karimnagar,7.911486e+18,2.4818836e+19,8.1263655e+19
668,Telangana,Nizamabad,6.1299686e+18,1.6725087e+19,5.723135e+19
669,Telangana,Medak,6.6883787e+18,1.5181123e+19,2.3093265e+19
670,Telangana,Rangareddy,5.9522386e+18,1.4351315e+19,5.415628e+19
671,Telangana,Nalgonda,5.1504225e+18,1.241799e+19,3.0406464e+19
672,Telangana,Nagarkurnool,4.3920193e+18,1.0263285e+19,1.9882856e+19
673,Telangana,Adilabad,6.189051e+18,1.6097948e+19,3.757934e+19
674,Telangana,Komaram Bheem,5.079416e+18,1.915325e+19,9.933054e+19
675,Telangana,Nirmal,5.375091e+18,1.4781038e+19,7.6943e+19
676,Telangana,Jagtial,5.4256154e+18,1.8520005e+19,4.857739e+19
677,Telangana,Kamareddy,7.69022e+18,1.5503091e+19,3.9315356e+19
678,Telangana,Warangal (U),1.002624e+19,1.6316738e+19,3.3636941e+19
679,Telangana,Jayashankar,5.636148e+18,1.3783566e+19,9.442679e+19
680,Telangana,Peddapalli,7.6122296e+18,3.4013555e+19,1.1723299e+20
681,Telangana,Rajanna Sircilla,6.7294394e+18,1.7750573e+19,3.897508e+19
682,Telangana,Sangareddy,6.802415e+18,1.6035966e+19,4.028876e+19
683,Telangana,Siddipet,6.542865e+18,2.0528588e+19,1.0577732e+20
684,Telangana,Mahabubabad,7.7873565e+18,1.2729925e+19,2.0469788e+19
685,Telangana,Khammam,6.983869e+18,1.5456805e+19,4.5150543e+19
686,Telangana,Suryapet,7.5162384e+18,1.8314621e+19,5.1187707e+19
687,Telangana,Jogulamba,6.888376e+18,1.5853339e+19,4.797258e+19
688,Telangana,Yadadri,7.4587213e+18,1.332303e+19,2.587392e+19
689,Telangana,Medchal,1.1248006e+19,2.169795e+19,3.793437e+19
690,Telangana,Wanaparthy,6.3906244e+18,1.2996006e+19,2.7806207e+19
691,Telangana,Vikarabad,7.301632e+18,1.5325837e+19,5.2557896e+19
692,Telangana,Mahabubnagar,7.657757e+18,1.4007305e+19,9.136704e+19
